poiId,poiName
497342,인천국제공항제1여객터미널
5411247,스타필드하남
219821,서울역
11614,김포국제공항국내선
1095016,광명역
5830423,이케아광명점
362417,제주국제공항
387701,에버랜드
1468383,신세계프리미엄아울렛여주점
5457652,현대프리미엄아울렛김포점
2490094,신세계프리미엄아울렛파주점
7633414,스타필드고양
5400712,현대백화점판교점
2638407,롯데프리미엄아울렛파주점
2964028,롯데프리미엄아울렛이천점
427144,코스트코홀세일양재점
214920,신세계백화점강남점
11647,김해국제공항
737851,전주한옥마을
729930,킨텍스제1전시장
1172091,타임스퀘어
219475,롯데백화점본점
6994920,인천국제공항제2여객터미널
7150978,이케아고양점
6809386,현대프리미엄아울렛송도점
2929691,코스트코홀세일광명점
6523495,신세계프리미엄아울렛시흥점
1097953,용산역
1517871,코스트코홀세일일산점
5881662,코스트코홀세일공세점
401535,을왕리해수욕장
292664,현대백화점압구정본점
1505596,신세계백화점센텀시티점
1567616,롯데프리미엄아울렛김해점
501087,동대구역
152054,해운대해수욕장
2905972,IFC몰
1198235,신세계백화점경기점
187961,롯데월드잠실점
1570134,가든파이브라이프
6024911,SRT동탄역
8627157,롯데프리미엄아울렛기흥점
152313,소래포구
146130,롯데백화점부산본점
5978222,롯데프리미엄아울렛동부산점
382088,김해공항국내선청사
334736,신세계백화점본점신관
393195,대포항
187760,현대백화점무역센터점
188485,롯데백화점잠실점
540476,현대백화점중동점
5491064,코스트코홀세일의정부점
7149832,신세계백화점대구점
2769358,화담숲
1606167,코스트코홀세일부산점
2774436,롯데몰김포공항점
152111,광안리해수욕장
339879,아침고요수목원
6804439,신세계프리미엄아울렛여주점(WEST)
521740,동대문종합시장
188633,올림픽공원
2754697,킨텍스제2전시장
366844,현대백화점신촌점
2980058,신세계프리미엄아울렛부산점
388207,한국민속촌
359818,갤러리아백화점명품관EAST
2754648,궁평항
8738506,이케아기흥점
365650,대전복합터미널서관
192300,서울랜드
729907,AK플라자수원
10067845,더현대서울
1928936,현대백화점킨텍스점
1126211,HDC아이파크몰
1006558,라페스타
2818018,광명동굴
394541,죽도시장
736441,헤이리예술마을
5799875,롯데월드몰
396590,통영중앙전통시장
2791603,신세계백화점의정부점
2768159,트레이더스홀세일클럽송림점
258,롯데백화점중동점
182018,어린이대공원
558963,롯데백화점노원점
8875892,스타필드안성
189138,롯데백화점영등포점
1127724,죽녹원
361844,일산호수공원
8910437,현대프리미엄아울렛스페이스원
310842,비에이비스타CC
6318174,트레이더스홀세일클럽킨텍스점
215670,하나로마트양재점
206277,현대백화점천호점
381867,서울대공원
1696199,송도센트럴파크
224903,AK플라자분당
427478,부산종합버스터미널
310836,레이크사이드CC
193001,롯데백화점구리점
136877,갤러리아백화점타임월드점
386789,캐리비안베이
216009,롯데백화점청량리점
1650251,이대부속목동병원
382199,해동용궁사
5400665,롯데백화점수원점
2900050,스퀘어원
361798,부천터미널소풍
1091023,김포국제공항국제선
185965,롯데백화점강남점
2492415,롯데백화점평촌점
1154353,이마트죽전점
2912628,광교호수공원
1810011,롯데백화점광복점
189146,신세계백화점타임스퀘어점
221448,롯데백화점일산점
2769297,농협경제지주안성팜랜드
188584,잠실종합운동장
354436,리베라CC
1469855,W몰
1528492,이마트하남점
739606,홈플러스의정부점
246479,대명포구
404244,주문진수산시장
2362143,신세계백화점천안아산점
266639,삽교호관광지
567296,롯데몰수원점
380919,현대백화점미아점
224914,롯데백화점분당점
394217,반포한강공원
314130,보리암
1874565,이마트광명소하점
8849018,이케아동부산점
136878,롯데백화점대전점
1130884,이마트양재점
731083,홈플러스부천상동점
1142564,클럽72CC바다코스
318196,보문관광단지
212597,서울월드컵경기장
218130,국립중앙박물관
2743441,더현대대구
8354756,갤러리아백화점광교점
271108,향일암
152296,인천대공원
208936,롯데백화점관악점
1007466,이마트수지점
387476,강릉중앙시장
398308,여수엑스포역
527513,마리오아울렛1관
385078,벡스코제1전시장
310847,안성베네스트GC
7493463,신세계백화점스타필드하남점
270861,순천역
537258,이마트분당점
1698228,이마트경기광주점
8760469,스타필드시티위례
1153999,이마트서수원점
5728354,롯데몰광명점
394576,행담도휴게소[서해안선]
305264,독립기념관
218692,세종문화회관
2573533,서원힐스CC
310919,88CC
2789534,원마운트
7979646,스타필드시티부천
5799065,롯데아울렛광교점
1144977,이마트남양주점
551974,허브아일랜드
7906455,파라다이스시티호텔
378445,안산버스터미널
2758086,NC백화점강서점
2844968,현대백화점충청점
152115,태종대
2751805,이마트파주운정점
310829,뉴서울CC
161636,대유몽베르CC
219605,두산타워
557462,홈플러스동수원점
5976458,아브뉴프랑광교
2499371,서울의료원
1087418,남이섬선착장
313620,신안CC
139889,신세계백화점광주점
373210,안동하회마을
219606,현대시티아울렛동대문점
399586,롯데마트맥스영등포점
62342,임진각
310837,한림용인CC
2372169,아일랜드CC
161591,국립수목원
723343,이마트연수점
217910,광장시장
310838,레이크우드CC
1617109,이마트흥덕점
356984,포천아도니스CC
8855593,롯데백화점인천점
356973,필로스GC
383657,플라자CC용인
310854,아시아나CC
1495720,웅진플레이도시
145471,서문시장
366524,충주공용버스터미널
1166194,송도컨벤시아
1142340,서울숲
2913529,해솔리아CC
193472,이마트산본점
310869,지산CC
403504,홈플러스간석점
1198233,롯데백화점미아점
5387129,이천실크밸리GC
6817502,롯데몰은평점
557146,롯데마트의왕점
1117804,롯데마트장유점
390764,수원월드컵경기장
8880063,현대프리미엄아울렛대전점
1197502,전곡항
151887,자갈치시장
536408,인천문학경기장
529356,이마트평택점
1205864,아리지CC
157900,남여주CC
1516256,롯데백화점건대스타시티점
224639,홈플러스야탑점
310849,수원CC
339951,아난티코드골프클럽
392101,율동공원
136812,서대전역
427552,홈플러스북수원점
229175,이마트안양점
136971,대전오월드
305275,갤러리아백화점센터시티점
2817848,롯데아울렛부여점
7166657,아난티힐튼부산
359817,갤러리아백화점명품관WEST
427759,방아머리해변
332296,시그너스CC
523054,렉스필드CC
217517,전쟁기념관
1512714,롯데마트삼산점
532107,롯데백화점동래점
310884,한성CC
535768,롯데백화점창원점
1170873,테르메덴
427505,롯데백화점울산점
1087357,롯데마트성정점
1008464,하늘공원
1186045,이마트서귀포점
318195,경주월드
2979573,아브뉴프랑판교
264498,제천역
2769058,아쿠아플라넷제주
551413,트레이더스홀세일클럽서면점
1698021,블랙스톤이천GC
536049,롯데백화점대구점
497416,EXCO서관
2581088,떼제베CC
1194870,윈체스트GC
2902032,코스트코홀세일울산점
160938,그린힐CC
5675168,아쿠아플라넷일산
378515,현대백화점울산점
1101425,롯데백화점전주점
504541,이마트이천점
395551,크리스탈밸리CC
521685,홈플러스작전점
567337,썬밸리CC
174259,서울만남의광장휴게소부산방향[경부선]
2654137,에코랜드테마파크
188592,롯데마트제타플렉스점
2972787,현대시티아울렛가산점
1916563,인제대학교해운대백병원
1929595,포레스트힐CC
2781420,베어즈베스트청라GC
310856,양지파인CC
139888,롯데백화점광주점
1559148,국립과천과학관
521678,홈플러스김포점
219607,밀리오레동대문점
246949,한림광릉CC
362105,경복궁
6077733,홈플러스파주운정점
2792891,동대문디자인플라자
1194626,화성상록GC
310841,발리오스CC
1117765,이마트양산점
3860653,샤인데일골프앤리조트
152057,사직야구장
7138517,신세계백화점김해점
384354,NC백화점서면점
361764,캐슬렉스서울GC
1526710,골프존카운티안성W
2338918,골프존카운티화랑
5685996,로얄링스CC
222737,이마트부천점
247357,양주CC
1181520,센테리움CC
2906051,리앤리CC
2763104,퍼스트빌리지
368500,정동진역
2985260,솔트베이GC
1208775,제부도해수욕장
1146469,평화누리
192422,렛츠런파크서울
533354,아산스파비스
520652,이마트천안점
379254,남촌농산물도매시장
525010,이마트수원점
2269604,젠스필드CC
310814,강남300CC
278669,은화삼CC
1146044,벽초지수목원
310868,아난티중앙골프클럽
505494,영덕해맞이공원
2916600,동촌GC
569679,삼산농산물도매시장
399582,롯데마트맥스금천점
310875,프리스틴밸리GC
1579825,AK플라자평택
551414,이마트계양점
310816,이스트밸리CC
557147,이마트평촌점
390732,이마트해운대점
551415,이마트중동점
146890,이월드
8861558,롯데몰수지점
2269598,벨라스톤CC
527222,메가마트동래점
739619,이마트군산점
532103,곤지암리조트스키장
5725004,타이거CC
158971,뉴코아아울렛동수원점
310846,서원밸리CC
4086393,고양종합터미널
449065,온양온천역
1166714,홈플러스병점점
384812,수원농수산물도매시장
228258,제일CC
365885,한화생명이글스파크
557254,비자림
219686,방산종합시장
2573541,군산CC
505803,한탄강CC
375755,백양사
1606500,마에스트로CC
5384862,드림파크CC
1605179,사우스스프링스CC
2782326,롯데백화점김포공항점
6541482,모다아울렛인천점
76084,하나개해수욕장
389352,안면도자연휴양림
1540987,파인스톤CC
189636,여의도백화점
371424,2001아울렛중계점
1589639,킹즈락CC
739602,롯데백화점상인점
1583841,북서울꿈의숲
188492,롯데마트송파점
354443,한원CC
982060,광한루원
558562,홈플러스안산고잔점
2998153,뮤지엄산
365651,대전복합터미널동관
2615214,망원시장
151893,현대백화점부산점
2744087,고양CC
8769649,베뉴지CC
187765,봉은사
247799,비전힐스CC
524582,국립극장
330548,단양구경시장
152245,대왕암공원
267098,마곡사
374937,롯데백화점안산점
1456335,NC백화점불광점
6034836,이마트킨텍스점휴업중(2023년07월21일오픈예정)
271123,여수공항
152308,십리포해변
2786478,가든파이브웍스
250207,망상해수욕장
1005752,이마트문현점
1622121,을지대학교병원
310872,라데나GC
247911,티클라우드CC
381189,이마트동인천점
1505593,롯데백화점센텀시티점
3859961,청라호수공원
1194791,이마트검단점
1130084,롯데마트진해점
2766850,라비에벨CC올드코스
6144946,현대백화점디큐브시티점
7906908,현대시티몰가든파이브점
1040293,세이브존부천상동점
567112,인천그랜드CC
390687,대구스타디움
10047610,더크로스비GC
504531,이마트화정점
3858223,처인체력단련장
504544,이마트청주점
1605080,쉐라톤그랜드인천호텔
1933285,오션어드벤처
382190,대변항
504539,이마트일산점
2929131,국립현대미술관서울관
246322,김포SEASIDECC
389357,장태산자연휴양림
310855,안성CC
7683100,벨라시타
265720,세종에머슨CC
318073,국립경주박물관
1778229,스플라스워터파크
1120153,이마트파주점
1528706,백제CC
339621,직지사
1698095,골든베이골프앤리조트
2929791,롯데아울렛청주점
245437,논산역
2995132,감천문화마을
310935,천안상록CC
571363,격포항
1101048,홈플러스시화점
310887,화산CC
2773947,노스팜CC
1088100,이마트울산점
723214,영등포역
136266,홈플러스계산점
1186480,합천영상테마파크
2371421,홈플러스화성동탄점
522790,이마트충주점
354435,남수원CC
1818340,이마트제천점
397494,신세계백화점마산점
1788110,뉴코아아울렛부천점
1931000,NC백화점송파점
1577127,스프링힐스CC
374496,부천종합운동장
2269595,마론뉴데이CC
2965055,LF스퀘어양주점
266222,서천특화시장
1876039,롯데마트김포한강점
551488,2001아울렛분당점
242897,가야CC
5405629,김해롯데워터파크본관
1695653,용인자연휴양림
462443,NC백화점야탑점
2581325,롯데아울렛이시아폴리스점
6802297,옥연지송해공원
521840,탄천종합운동장
2818609,여수세계박람회장
10173777,올데이CC
7977591,롯데마트양평점
253993,영랑호리조트
551683,이마트연제점
2917195,세종고속시외버스터미널
1819547,화성종합경기타운
6787711,서울식물원
2369500,롯데아울렛광주수완점
993603,서대문자연사박물관
366064,고수동굴
8031436,알파카월드
504551,NC백화점고잔점
1141915,홈플러스인하점
1591929,롯데마트평택점
2799910,이마트서산점
5742643,대룡시장
216815,행복한백화점
566637,렛츠런파크부산경남
221582,홈플러스일산점
2949589,이마트천안서북점
687154,대구수목원
126275,송추CC
558767,이마트창원점
1461240,설해원CC
7958172,트리플스트리트A동
1145934,클럽72CC하늘코스
551860,홈플러스센텀시티점
376541,전주동물원
557967,모슬포항
1552080,이마트안성점
504530,홈플러스김해점
1433090,홈플러스김포풍무점
372208,경산역
2912494,롯데마트계양점
1370997,HD현대중공업
4091106,하나로마트수원점
1023963,해비치CC
1085989,이마트사상점
2979976,가든파이브툴
7887862,레고랜드코리아리조트
310936,파크밸리GC
5394892,소노펠리체CC비발디파크이스트
8345055,스타필드시티명지
2851835,마리오아울렛3관
1113541,이마트양주점
2293198,오죽헌
1128405,설악썬밸리CC
5391257,동궁과월지
737756,신기시장
8917614,블랙스톤벨포레CC
2996992,홈플러스오산점
501086,대구역
386106,롯데백화점포항점
136876,세이백화점본점
526953,외암리민속마을
1552170,홈플러스파주문산점
310827,남부CC
1457426,대천항수산시장
1023972,해운대CC
1696227,잭니클라우스GC코리아
3402067,휴애리자연생활공원
396933,설악워터피아
10174333,아르떼뮤지엄제주
1698276,모다아울렛대전점
192302,국립현대미술관과천관
2400756,홈플러스부산정관점
374598,세이브존성남점
380157,2001아울렛부평점
1471998,롯데마트대덕점
2979452,모다아울렛천안아산점
5783805,롯데백화점에비뉴엘월드타워점
1553825,홈플러스오창점
226941,안산농수산물도매시장
310899,용원골프클럽
181902,융릉과건릉
2744725,웰링턴CC
1948068,하늘물빛정원
504542,이마트진주점
1584485,LG전자서초R&D캠퍼스
48171,신정호수공원
6541101,신세계센텀시티몰
428878,동화경모공원
5307611,롯데마트판교점
2586299,블루원워터파크
1167109,롯데마트구미점
247321,봉선사
7842010,LF스퀘어광양점
1945977,탑스텐리조트동강시스타
525909,홈플러스울산점
387784,설봉공원
1133504,롯데백화점에비뉴엘본점
25721,만석공원
403859,양양국제공항
5665065,BMW드라이빙센터
2814767,AK플라자원주
1556468,타임스트림
1521825,그레이스CC
268553,남부시장
2241307,스타시티
558109,의정부제일시장
6504442,국립부산과학관
1208927,롯데마트영종도점
193453,안양컨트리클럽
1587990,오크힐스CC
7148700,현대모터스튜디오고양
1088180,롯데마트통영점
183377,서대문형무소역사관
504529,홈플러스창원점
5391133,팔당물안개공원
1576962,구리한강시민공원
1172431,고창CC
550833,신거북시장
1469667,프린세스GC
6147815,한양파인CC
146886,두류공원
557384,코리아퍼블릭CC
187714,도산공원
551441,울산대공원
6541480,이마트과천점
1195150,롯데마트안성점
140111,인천국제CC
2486558,인천어린이과학관
1620258,한림대학교춘천성심병원
502567,롯데마트부평역점
967885,세정아울렛
1856275,롯데마트검단점
368573,거진항
398953,홈플러스천안신방점
3808,경주CC
310903,통도파인이스트CC
305078,우정힐스CC
2872904,벡스코제2전시장
367995,롯데백화점마산점
28527,물금역
7844170,국립세종수목원
737569,홈플러스울산남구점
403171,소노펠리체CC델피노
5841858,롯데아울렛구리점
1568229,이마트보라점
1555889,센트럴파크
216344,청량리역
219977,올림픽CC
427600,중문관광단지
532463,롯데마트충주점
367219,한림공원
5987398,아세코밸리골프클럽
1698138,양산CC
1124409,오션비치골프&리조트
215494,매헌시민의숲
373738,청도프로방스
1921919,마산어시장
10091188,리빙파워센터
529636,부산어린이대공원
1562559,롯데마트당진점
968232,경상남도수목원
1181702,롯데마트여수점
375339,무안CC
310893,동부산CC
1194902,홈플러스거제점
1605847,푸른솔GC
1129510,태화강국가정원
17543,대구백화점프라자점
7958180,트리플스트리트D동
1019698,보라CC
7837319,롯데몰군산점
380233,관문체육공원
391951,목포북항
1522830,아델스코트CC
566700,메가마트남천점
1185742,롯데마트월드컵점
1695714,포웰CC
1154221,클럽디금강
1089876,수원체력단련장
193160,동구릉
551562,르네시떼
2997829,원마운트워터파크
128792,국립중앙과학관
1698143,베이사이드GC
6431091,더타운몰킨텍스점
2269410,영목항
1606204,해슬리나인브릿지
1698124,고성노벨CC
8908671,레이캐슬CC
4085957,남양주한강공원삼패지구
1147138,뉴코아아울렛평촌점
6921438,롯데몰진주점
2337015,롯데마트마석점
1127464,한밭수목원
525014,NC백화점수원터미널점
1583062,화성GC
7400786,라비에벨CC듄스코스
353530,도고CC
242968,김해여객터미널
2003266,오션힐스영천CC
531909,NC웨이브충장점
2713550,메이플비치CC
289825,동해항
139656,소래포구재래어시장
137250,광주양동시장
1168111,골프존카운티감포
567319,독산동우시장
523537,아시아드컨트리클럽
8876371,마산로봇랜드
1170910,NC백화점해운대점
1617737,서경타니CC
1172628,용인농촌테마파크
221197,그랜드백화점일산점
381680,일산시장
427900,돌산공원
1456159,홈플러스진주점
146247,동아백화점수성점
1497691,인터불고경산CC
1794109,서서울호수공원
2906588,홈플러스인천연수점
1866694,롯데마트춘천점
2341394,사우스케이프오너스클럽
5799917,해운대비치골프앤리조트
10133805,NC백화점신구로점
269984,김제역
2241322,롯데마트청량리점
2573222,롯데마트부산점
2801942,홈플러스부산연산점
571870,울산고속버스터미널
737872,북촌한옥마을
5753851,인천신항
718721,홈플러스청주성안점
559264,스포원파크
540902,안양중앙시장
568307,롯데마트상당점
1936305,롯데아울렛대구율하점
2878688,세종필드GC
1100008,서부농수산물도매시장
1517412,골프존카운티순천
7633793,십리대숲(은하수길)태화강국가정원
380582,수유시장
2865104,단양다누리센터아쿠아리움
310891,대구CC
8896825,9.81파크
1142336,하이원CC
1816733,홈플러스진접점
2742883,석정힐CC
2633186,더라움
146884,달성공원
215643,한가람미술관
1167998,홈플러스안산선부점
1069657,롯데영플라자명동점
2588210,영화의전당
366444,하나병원
505480,연지공원
5390177,청와대사랑채
1172434,롯데마트진장점
8375388,아난티코브
1698122,구니CC
2775871,엠스클럽의성CC
374570,분당중앙공원
1103531,골프존카운티선운
2930034,롯데마트영통점
2634090,고양체육관
535446,중앙탑공원
1442822,백운포체육공원
1976294,골프존카운티무주
367553,현대백화점울산동구점
1023944,에덴밸리CC
195267,하니랜드
382094,평촌중앙공원
1528370,웨스트오션컨트리클럽
135037,엑스포코아
399730,홈플러스울산북구점
1146570,개화예술공원
219147,덕수궁
1008580,미조항
2269592,드비치골프클럽
427372,문수월드컵경기장
550399,소래습지생태공원
2810200,NC백화점부산대점
1040211,월드컵공원
1524572,파주J퍼블릭GC
270257,학원농장
2457658,구미CC
1928656,솔찬공원
2506499,신북온천스프링폴
1217051,롯데마트장암점
558148,한림안성CC
1696206,포스코타워송도
1155595,스톤비치CC
1575452,한맥CC
310889,파미힐스CC
1124414,오션힐스포항CC
2758588,파나시아GC
2856210,골프존카운티드래곤
7385953,롯데아울렛남악점
1501152,홈플러스논산점
1123032,블루원디아너스CC
392175,권선11번가시장
378559,롯데마트사하점
1698116,세븐밸리CC
5386710,장수골프리조트
393983,고현종합시장
8947529,유월드루지테마파크
556844,눈스퀘어
542545,한국도로공사수목원
521688,홈플러스서부산점
2848383,동의보감촌
1928718,문암생태공원
3858331,바다향기수목원
386876,울산농수산물도매시장
501769,통도환타지아휴장
492911,언양자수정동굴나라
1530098,오투CC
2877559,중대물빛공원
5686710,롯데식품관평촌점
310896,부산CC
3032731,롯데팩토리아울렛가산점
723162,이마트마산점
1930974,대전아쿠아리움
401298,대진항
2783843,지웰시티몰
10318332,아르떼뮤지엄강릉
8873925,밀양노벨CC
310900,울산CC
1085760,롯데아울렛서울역점
8795477,현대시티아울렛대구점
668699,서울중앙시장
226019,오이도포구해양관광단지
245714,롯데마트청주점
2369481,롯데마트맥스창원중앙점
5912197,상하농원
1788159,롯데마트동두천점
170006,에딘버러CC
5803613,율곡수목원
387324,삼척중앙시장
1168249,국립아시아문화전당
1181651,홈플러스동청주점
1530416,아난티클럽제주
310892,동래베네스트GC
254137,설악프라자CC
1167131,2001아울렛구로점
209402,낙성대공원
429332,천호공원
5663396,롯데아울렛고양터미널점
375638,불갑사
6810541,롯데피트인산본점
219705,중부시장
152197,뿌리공원
2341047,공주한옥마을
329058,화순CC
1185419,가나아트파크
2586262,대구미술관
310897,골프존카운티선산
10323070,롯데월드어드벤처부산
368185,암남공원
427895,달아공원
1528627,롯데마트시티세븐점
310894,마우나오션CC
365761,대전예술의전당
404001,인구해변
2230704,홈플러스킨텍스점
662002,육거리종합시장
7888074,대구신세계백화점파미에타운
5411172,아트몰링하단점
2850830,이마트펜타포트점
668705,청량리청과물시장
2845139,행주산성역사공원
152117,용두산공원
1434447,오산오색시장
2630567,파주리조트골프클럽PRGC
1606546,알펜시아700GC
367409,한라수목원
367571,방어진항
1562086,롯데마트맥스송천점
502316,조일프라자골프클럽
1794100,남원상록골프장
189327,여의도공원
552064,롯데마트마산점
1192004,뉴코아아울렛창원점
4090628,당목항
1103909,라온GC
8356625,하이원워터월드
136694,광주각화농산물도매시장
1695637,몽산포항
10108885,수원메쎄
482845,포항경주공항
267331,갑사
2769727,대한민국예술인센터
1007273,이효석문학관
2758698,광주패밀리랜드
2372138,이마트사천점
10293904,오렌지듄스영종골프클럽
1524476,서울풍물시장
2742874,안성맞춤랜드
569721,청주시농수산물도매시장
74064,태인CC
324671,약천사
8969953,모다아울렛부평점
500908,어린이회관
2997949,푸른수목원
482348,고양꽃전시관
8770758,내장산골프앤리조트
33746,부전역
5413690,황산공원
7917265,파크하비오워터킹덤
615698,회룡포
7493008,선샤인랜드
525353,국립전주박물관
666657,용인중앙시장
321971,광주CC
401332,강화광성보
526931,땅끝국민관광지
1195498,홈플러스익산점
8852343,롯데마트이천점
1209393,현대백화점유플렉스중동점
4102201,영등포청과시장
724258,온달관광지
2787643,초막골생태공원
398901,전라남도산림자원연구소
1392665,이마트광명점
523572,골프존카운티구미
492920,청주동물원
1181455,뉴코아아울렛괴정점
1474109,NC아울렛엑스코점
4096329,엠카운티스파힐스CC
566768,제주민속오일시장
1189633,홈플러스부산감만점
1101371,용도수목원
389640,모래시계공원
1525679,홈플러스계룡점
329133,엘리체컨트리클럽
1101808,태산패밀리파크
310910,골프존카운티오라
245986,청주시목련공원
5686804,바라산자연휴양림
1101831,아양아트센터
1008465,노을공원
663645,천룡CC퍼블릭
136937,유성CC
1513477,LF스퀘어인천점
310917,캐슬렉스제주GC
1695684,한미르대덕CC
136875,NC백화점중앙로역점
2814276,인천축구전용경기장
535239,운림산방
1960551,리버힐CC
378829,구로시장
218345,총회창립100주년기념관
735,노적봉공원
8986564,롯데마트롯데몰수지점
736548,진양호동물원
5756604,시흥ABC행복학습타운
6516825,스타필드코엑스몰
2927491,에콜리안제천CC
2194449,롯데백화점광복점아쿠아몰
361555,다산정약용생가
152075,부산자유도매시장
2241736,대청공원
1006559,월광수변공원
501770,제주월드컵경기장
5765359,모다아울렛진주점본관
152139,부산민주공원
368443,남항진해변
1987535,오창에딘버러CC
1589662,하이스트CC
5675414,경주화백컨벤션센터
1134253,블랙스톤제주CC
136977,장동산림욕장
1103483,NC백화점청주점
146144,지오플레이스
393315,정자시장
1454097,무주반디랜드
2230768,배다골테마파크
519882,영덕시외버스터미널
461741,아미가골프장
374363,김포종합운동장
217519,효창공원
374512,부천중앙공원
628082,금호월드
195671,신장시장
1197629,황학산수목원
427491,도당공원
4099889,해돋이공원
367196,렛츠런파크제주
381424,인천남항부두
2170502,백만송이장미원
1789421,인천나비공원
1122845,롯데스카이힐제주컨트리클럽
389601,부산시립미술관
739013,거잠포선착장
1433560,노룬산골목시장
2634342,화명수목원
311731,장릉
384515,올림픽공원세계평화의문
1866565,원예예술촌
550269,대한다업보성다원제1농장
10586595,청와대
1094796,능인선원포이동법당
1794933,조례호수공원
738225,신구대학교식물원
5397097,무안클린밸리CC
701411,경상북도수목원
1521057,선암호수공원
7768458,라베니체광장
519770,홍천중앙시장
5390880,국립백두대간수목원
535654,샤크존
1098129,강화고인돌
1916731,만대항
217516,용산가족공원
1916267,순천아랫장
554184,이충레포츠공원
5762908,클럽72CC듄스코스
372787,박정희대통령생가
2898746,어은돌야영장
2637066,목포종합수산시장
125829,봉녕사
557159,하나로마트청주점
242894,가야랜드
8883258,삼국유사테마파크
136860,대전중앙시장
146907,국립대구박물관
137257,말바우시장
389354,금강수목원
1589664,해라CC
8353268,롯데아울렛고양점
193022,구리전통시장
1088004,환호공원
1439983,리치몰
698332,언양알프스시장
1171993,광주호호수생태원
368106,UN기념공원
10145992,모다아울렛전주김제점
10270746,신내SKV1센터
559081,쌍암공원
1795106,아덴힐골프클럽
1166650,군산CC퍼블릭
1392140,충성대CC
1172708,인천국제물류센터
1146498,극동스포랜드안산점
75344,평화시장
358916,진주중앙시장
1929422,더힐CC
1789208,만골근린공원
1373016,광명새마을시장
2965315,안동레이크GC
1168308,에버리스GC
2878701,순천부영CC
1819901,에코랜드CC
384500,올림픽프라자
551804,석수시장
1874882,여수시티파크리조트CC
6213178,경포아쿠아리움
5771961,에콜리안영광CC
389404,거제자연휴양림
1189539,남부수자원생태공원
699266,신정시장
5489616,대청댐물문화관
394054,조원시장
391970,동부시장
1617358,광화문광장
738148,순창고추장민속마을
1919496,세운스퀘어
558452,제주돌문화공원
5665630,유니온파크
2531106,용인미르스타디움
310902,창원CC
7874117,신선도원몰
311763,서부시장
2797751,통영항
737936,월미공원
1591931,안강레전드GC
2214222,이스트힐CC
7670449,현대백화점유플렉스충청점
2620081,래미안갤러리
222784,부천자유시장
7168089,경기상상캠퍼스
1619175,마이다스구미골프아카데미
557241,서귀포향토오일시장
1444063,민락어민활어직판장
1697418,우리들CC
8299021,클럽72CC레이크코스
1144044,춘향테마파크
1197588,디큐브거제백화점
2791144,오이도종합어시장
2989921,송림체육관
1019693,클럽L제주CC
5381168,삼성현역사문화공원
8777543,AK플라자홍대
83221,효원공원
723289,경기남부경찰청용인체력단련장
219171,남산공원
2960924,롯데영플라자창원점신관
406099,허난설헌생가터
1156298,남안동CC
386549,우산월곡시장
7907770,롯데백화점안산점신관
1918003,새만금해넘이휴게소
39550,서귀포항
2818443,모다아울렛양산점
1556292,진해내수면환경생태공원
1167972,라헨느CC
1505126,산호해수욕장
226336,시흥시체육회
8826190,평택시농업생태원
662268,태학산자연휴양림
2875405,대장경테마파크
2754144,충주탄금공원
151890,세이브존해운대점
393223,서시장
30271,원적산공원
136862,중리전통시장
6517500,김포한강야생조류생태공원
1802636,덕유대오토캠핑장
1592021,서울창포원
524178,수암상가시장
567354,도마큰시장
1472929,테디벨리CC
1778146,트레보시티아울렛
2281094,센텀시티스파랜드
137249,남광주시장
219543,안중근의사기념관
1578388,울산농협농수산물종합유통센터
146887,국채보상운동기념공원
1918597,빛고을CC
6451998,NC백화점경산점
3401348,상효원수목원
5889013,모다아울렛울산점
246313,문수산산림욕장
2584155,화랑공원
2874729,삼삼CC
5726347,행구수변공원
7144114,배다리생태공원
1586115,수원화성박물관
5871033,롯데마트동부산점
2905266,대한민국역사박물관
568570,상무시민공원
5409046,구미낙동강체육공원
1528664,용소웰빙공원
304570,금촌전통시장
5385056,대통령기록관
10116906,EXCO동관
357642,군산공설시장
7670362,현대백화점유플렉스판교점
1378081,제주4.3평화공원
367090,서소문역사공원
4093250,영남알프스골프파크
136938,사이언스대덕골프장
1171856,백양우리CC
8929026,대가야CC
1921921,웅천친수공원
354749,보성역
1041915,5.18기념공원
1564882,서호공원
8854657,롯데마트인천터미널점
8589804,고양일산호수공원가로수길
1619241,DMZ박물관
2929926,파인허스트GC
7902743,영덕해파랑공원
557970,모슬포중앙시장
2795580,온양온천시장
353065,가야산국립공원백운동지구
310934,중문GC
1587499,옥과기안CC
370834,약사사
517792,진주농산물도매시장
369941,사천체력단련장
5410852,대청호자연수변공원
395944,자유시장
146517,관문시장
6967166,롯데월드어드벤쳐
1105273,광명고속시외버스터미널
2338930,대가야역사테마관광지
1551768,골드나인CC
1554939,대구시민안전테마파크
1549862,이가리간이해수욕장
2773755,경인항김포
8980126,어뮤즈스퀘어
382675,복천박물관
1512243,한라산CC
738816,감천항
7670389,더현대크리에이티브그라운드대구
1122813,나주CC
1147364,구갈레스피아
380982,중곡제일시장
1575107,용정축구공원
427599,제천종합운동장
1166883,김해농수산물종합유통센터
34434,봉무공원
322433,구례5일장
2973013,대구육상진흥센터
10379788,무릉별유천지
1928642,강남축구공원
318206,경주오릉
128847,충청남도청구청사
310913,더시에나CC
1126924,CTLEX
369368,육림랜드
372799,금오랜드
254136,영랑호CC
216355,홍릉숲
1698147,더클래식CC
2246370,아산시평생학습관
152074,신세계면세점부산점
2643619,기사문항
64596,절두산순교박물관
2879689,통영국제음악당
4099625,꽃바위시내버스종점
7386159,부천자연생태공원
391799,렛츠런CCC수원지점
9021715,마이아트뮤지엄
1126592,평화랜드
3005582,동화상가
8310721,클럽72CC오션코스
2880875,길동복조리시장
5911567,모다아울렛충주점
1795125,한라생태숲
8716216,담양곤충박물관
8826978,어반아트리움더센트럴
136948,사정공원
76984,렛츠런CCC부평지점
8316239,웅포컨트리클럽
10053144,세종중앙공원
310922,냉천CC
514893,익산시농수산물도매시장
2783618,수성패밀리파크
384443,오금공원
1008412,렛츠런CCC일산지점
1100104,주한미군성남골프클럽
8820253,경주핑크뮬리군락지
34838,사계항
523926,강북문화정보도서관
5737594,강릉녹색도시체험센터
8853913,오슬로파크양산
368142,부산도시가스본사
4095837,흥환간이해수욕장
5409802,대전시립연정국악원
218638,경희궁
2457656,산양스포츠파크
1866453,삼학도공원
2579806,태인CC퍼블릭
1166673,전주월드컵골프장
511992,아우라지역
374446,소요산국민관광지
520215,안동시농산물도매시장
1377467,자구내포구
1557419,진주실내체육관
8904426,수원탑동시민농장
517695,서정리전통시장
192577,렛츠런CCC구리지점
5844016,AK&수원
4084026,하고수동해수욕장
137641,중외공원
5678428,감포공설시장
392968,강원특별자치도교육연수원
5395197,렛츠런CCC의정부지점
8602596,오이도선사유적공원
5391826,소노펠리체CC비발디파크마운틴
2903136,하나로마트울산점
559563,충청수영성
8815525,을숙도피크닉광장
1528730,한국이민사박물관
2744052,웅포관광지곰개나루
5686515,세계평화의숲
7144260,영종진공원
5307786,성남수질복원센터
551486,렛츠런CCC영등포지점
8470575,돈의문박물관마을
6289674,빛가람호수공원
10334442,롯데시네마드라이브오시리아
1319148,공주무령왕릉과왕릉원
1458365,부평종합시장
2596336,BnBK파3골프클럽
1196877,제주서귀포시외버스터미널
5785385,미래지농어촌테마공원
7975349,대왕별아이누리
1008581,저동항
8958283,순천만생태문화교육원
7686893,지산CC퍼블릭
5397856,계양아시아드양궁장
12976,남원관광단지
136950,보문산공원
2770265,송파구자원순환공원
7844575,부락산문화공원
8355975,근포항
2998720,경포가시연습지
2741559,금산인삼국제시장
1137444,몽마르트공원
1558590,렛츠런CCC강동지점
729956,영상문화단지
5390749,방아머리항
1617707,진해드림파크
1107302,렛츠런CCC연수지점
1090558,경주민속공예촌
10561810,디스커버리네이처스케이프동탄점
388722,삼척문화예술회관
366626,아차산어울림정원
7979515,신방쉼터
387104,울산공원묘원
544755,용평나인홀골프장
2803508,광교중앙공원
524674,이현공원
1501320,산양진항
2339443,창녕문화예술회관
1920207,에이스골프아카데미
6472771,오시리아관광단지
10303143,롯데몰여수점
1504325,비금가산선착장
1005783,렛츠런CCC인천중구지점
1316698,남한산성행궁지
8701473,순천만잡월드
648309,수리산산림욕장
1469537,렛츠런CCC창원지점
1437627,의정부버스공용차고지
8650478,안산호수공원무궁화동산
5869606,허브아일랜드산타마을
375532,흥국사역
2986231,절영해안산책로
5727171,의림지수리공원
2751855,아산환경과학공원
8869951,동탄2수질복원센터파크골프장
2638237,안동문화관광단지
40146,서울대수원수목원
152147,갈마공원
369661,신창원역
125574,태릉이스턴캐슬공원
268740,전주자전거경륜장
1085749,전통옹기단지
8830667,아미르공원
2609571,평촌로데오
1170175,중랑캠핑숲
230362,삼성산산림욕장
8709199,렛츠런파크부산경남빅토빌리지
738656,도곡골프랜드
10432713,용산공원
30545,백운그린랜드
650606,북한산성만남의장소
428772,전망대공원
2844728,진주시전통예술회관
8376555,일루미아
1983,강릉
5653433,경주역사유적월성지구
1319147,광주풍납리토성
2752224,영산강6경(승촌보)승촌보우안
2592658,성산패총전시관
7972960,충혼공원
1996426,수락산자연공원
4089771,현대예술공원
8597400,방일리공원
8982231,롯데백화점스타애비뉴
8815895,문헌근린공원
4091810,궁동근린공원
4102622,강화하점지방산단
668429,유관순동상
8347914,더테라스
10256941,홍대벽화거리
4100784,우드볼경기장
